372,2024-01-22,Bibliothèque,1,63,Petra,Crawford,petra.crawford@msn.com,Ireland
428,2024-01-15,Table,1,107,Veda,Bender,veda.bender@msn.com,Vietnam
161,2024-01-27,Table,1,124,Eliana,Simon,eliana.simon@gmail.com,New Zealand
269,2024-01-9,Lit,1,183,Orson,Chan,orson.chan@protonmail.com,Peru
445,2024-01-30,Chaise,1,203,Gavin,Brock,gavin.brock@msn.com,Ireland
251,2024-01-14,Lit,1,216,Moses,Crosby,moses.crosby@protonmail.com,Peru
105,2024-01-29,Lit,1,307,Hope,Cantrell,hope.cantrell@gmail.com,Belgium
118,2024-01-30,Lit,1,378,Chelsea,Cantu,chelsea.cantu@gmail.com,South Africa
87,2024-01-4,Lampe,1,395,Magee,Butler,magee.butler@gmail.com,Italy
86,2024-01-30,Table,1,500,Adrian,Chase,adrian.chase@gmail.com,China
470,2024-01-25,Lit,2,508,Anthony,Hess,anthony.hess@msn.com,Russian Federation
430,2024-01-10,Table,2,549,Harrison,Alexander,harrison.alexander@msn.com,Spain
170,2024-01-17,Bureau,2,552,Adara,Tyler,adara.tyler@protonmail.com,Brazil
46,2024-01-16,Lit,1,587,May,Foster,may.foster@gmail.com,India
130,2024-01-29,Lampe,2,630,Beau,Swanson,beau.swanson@gmail.com,Russian Federation
425,2024-01-29,Table,1,630,Rhiannon,Fitzgerald,rhiannon.fitzgerald@msn.com,Singapore
71,2024-01-8,Lit,2,637,Harper,Ford,harper.ford@gmail.com,Philippines
371,2024-01-6,Bibliothèque,1,649,Chava,Aguirre,chava.aguirre@msn.com,South Africa
5,2024-01-8,Table,1,659,Beverly,Jacobs,beverly.jacobs@gmail.com,Chile
464,2024-01-1,Bureau,2,673,Marshall,Stephenson,marshall.stephenson@msn.com,Spain
189,2024-01-25,Lampe,2,676,Noah,Cunningham,noah.cunningham@protonmail.com,Ireland
397,2024-01-26,Chaise,1,717,Coby,Wilson,coby.wilson@msn.com,Australia
178,2024-01-16,Bureau,2,742,Conan,Myers,conan.myers@protonmail.com,Peru
355,2024-01-13,Bureau,2,749,Dalton,Maynard,dalton.maynard@msn.com,Norway
255,2024-01-5,Lit,2,785,Marny,Weiss,marny.weiss@protonmail.com,Nigeria
299,2024-01-26,Chaise,2,836,Aladdin,Nielsen,aladdin.nielsen@protonmail.com,New Zealand
122,2024-01-14,Lit,3,878,Warren,Cameron,warren.cameron@gmail.com,Spain
417,2024-01-28,Commode,3,917,Cadman,Albert,cadman.albert@msn.com,South Korea
257,2024-01-19,Lit,2,955,Otto,Browning,otto.browning@protonmail.com,Indonesia
376,2024-01-19,Lit,3,1003,Melissa,Alvarado,melissa.alvarado@msn.com,Ukraine
215,2024-01-13,Lampe,2,1026,Ora,Herrera,ora.herrera@protonmail.com,Ukraine
101,2024-01-10,Lampe,2,1032,Amena,Olson,amena.olson@gmail.com,South Africa
162,2024-01-13,Table,2,1055,Kennedy,Ross,kennedy.ross@gmail.com,Vietnam
29,2024-01-16,Table,3,1073,Ruby,Bryan,ruby.bryan@yahoo.com,Belgium
271,2024-01-30,Lit,3,1093,Kay,O'brien,kay.o'brien@protonmail.com,Singapore
124,2024-01-17,Lit,3,1123,Quintessa,Hurst,quintessa.hurst@gmail.com,Mexico
302,2024-01-1,Chaise,4,1248,Chantale,William,chantale.william@protonmail.com,India
496,2024-01-31,Chaise,3,1259,Sandra,Mckinney,sandra.mckinney@icloud.com,Russian Federation
359,2024-01-8,Lampe,3,1289,Norman,Graves,norman.graves@msn.com,Costa Rica
231,2024-01-29,Bureau,4,1314,Hyatt,Carter,hyatt.carter@protonmail.com,Australia
12,2024-01-29,Bibliothèque,4,1369,Margaret,Hill,margaret.hill@gmail.com,Vietnam
482,2024-01-10,Lit,3,1475,Alfonso,Woodard,alfonso.woodard@icloud.com,Russian Federation
398,2024-01-20,Chaise,5,1555,Kimberly,Moon,kimberly.moon@msn.com,Mexico
295,2024-01-8,Chaise,4,1651,Jelani,Rivers,jelani.rivers@protonmail.com,China
144,2024-01-7,Bureau,5,1679,Nelle,Guzman,nelle.guzman@gmail.com,South Africa
305,2024-01-20,Chaise,4,1691,Ashton,Finley,ashton.finley@protonmail.com,Mexico
60,2024-01-23,Lit,5,1699,Maggie,Spence,maggie.spence@gmail.com,South Korea
322,2024-01-19,Chaise,4,1929,Drake,Phelps,drake.phelps@protonmail.com,Norway
104,2024-01-4,Lampe,4,1965,Judah,Stein,judah.stein@gmail.com,Australia
191,2024-01-9,Lampe,6,1998,Gisela,Fitzpatrick,gisela.fitzpatrick@protonmail.com,Colombia
77,2024-01-5,Bureau,4,2015,Orli,Avery,orli.avery@gmail.com,Spain
279,2024-01-15,Bibliothèque,5,2030,Deanna,Herman,deanna.herman@protonmail.com,South Korea
325,2024-01-1,Chaise,5,2115,Daryl,Cooke,daryl.cooke@protonmail.com,Germany
187,2024-01-1,Bureau,6,2120,Edan,Dyer,edan.dyer@protonmail.com,Turkey
479,2024-01-14,Lampe,7,2144,Grady,Faulkner,grady.faulkner@icloud.com,Peru
456,2024-01-27,Commode,6,2154,Neville,Key,neville.key@msn.com,Australia
408,2024-01-10,Bureau,7,2169,Caesar,Rojas,caesar.rojas@msn.com,Russian Federation
309,2024-01-29,Chaise,5,2256,Chase,Reilly,chase.reilly@protonmail.com,New Zealand
332,2024-01-15,Commode,5,2274,Duncan,Logan,duncan.logan@protonmail.com,Austria
119,2024-01-23,Lit,6,2291,Simon,Harvey,simon.harvey@gmail.com,Spain
337,2024-01-7,Commode,5,2299,Tanisha,Williamson,tanisha.williamson@protonmail.com,Netherlands
229,2024-01-19,Bureau,7,2345,Daryl,Sanders,daryl.sanders@protonmail.com,Australia
384,2024-01-8,Lampe,6,2375,Phillip,Mckenzie,phillip.mckenzie@msn.com,Italy
211,2024-01-10,Lampe,5,2377,Erasmus,Burris,erasmus.burris@protonmail.com,Mexico
258,2024-01-24,Lit,6,2377,Yvette,Gonzales,yvette.gonzales@protonmail.com,Italy
201,2024-01-17,Bibliothèque,5,2414,Lynn,Everett,lynn.everett@protonmail.com,China
451,2024-01-19,Chaise,5,2437,Ina,Robbins,ina.robbins@msn.com,Vietnam
469,2024-01-29,Lit,5,2438,Lee,Ray,lee.ray@msn.com,Singapore
197,2024-01-10,Chaise,8,2441,Ashely,Olsen,ashely.olsen@protonmail.com,Norway
2,2024-01-4,Table,7,2457,Burton,Mayer,burton.mayer@gmail.com,Ukraine
128,2024-01-24,Lampe,8,2499,Willow,Sparks,willow.sparks@gmail.com,Canada
261,2024-01-24,Lit,5,2565,Molly,Hansen,molly.hansen@protonmail.com,Turkey
110,2024-01-13,Lit,6,2610,Jael,Macias,jael.macias@gmail.com,Netherlands
210,2024-01-8,Chaise,6,2679,Daquan,Stark,daquan.stark@protonmail.com,Ukraine
356,2024-01-1,Bureau,7,2679,Katell,Rowland,katell.rowland@msn.com,Turkey
69,2024-01-18,Lit,9,2681,Quon,Day,quon.day@gmail.com,Australia
102,2024-01-5,Lampe,7,2716,Sawyer,Barron,sawyer.barron@gmail.com,Ireland
139,2024-01-30,Table,6,2807,Alden,O'connor,alden.o'connor@gmail.com,Nigeria
276,2024-01-6,Lampe,9,2902,Amela,Drake,amela.drake@protonmail.com,Austria
115,2024-01-28,Bureau,6,2920,Fay,Puckett,fay.puckett@gmail.com,China
429,2024-01-16,Table,7,3189,Harper,Colon,harper.colon@msn.com,Costa Rica
56,2024-01-4,Lit,11,3191,Christian,Pate,christian.pate@gmail.com,Canada
426,2024-01-20,Table,7,3209,Imani,Flowers,imani.flowers@msn.com,Netherlands
340,2024-01-18,Table,7,3244,Janna,Brennan,janna.brennan@protonmail.com,France
374,2024-01-29,Lit,7,3291,Deanna,Mclaughlin,deanna.mclaughlin@msn.com,Netherlands
230,2024-01-21,Bureau,7,3339,Emi,Nicholson,emi.nicholson@protonmail.com,Vietnam
497,2024-01-8,Chaise,7,3354,Dorian,Lawson,dorian.lawson@icloud.com,Italy
481,2024-01-29,Lampe,9,3358,Steven,Hinton,steven.hinton@icloud.com,United Kingdom
270,2024-01-18,Lit,11,3417,Cody,Miller,cody.miller@protonmail.com,Sweden
373,2024-01-6,Lit,12,3482,Andrew,Shaffer,andrew.shaffer@msn.com,Mexico
20,2024-01-8,Table,11,3581,Ciara,Horton,ciara.horton@gmail.com,New Zealand
500,2024-01-28,Chaise,7,3639,India,Burt,india.burt@icloud.com,Italy
188,2024-01-13,Bureau,8,3660,Len,Rivers,len.rivers@protonmail.com,Costa Rica
450,2024-01-22,Chaise,7,3666,Silas,Allen,silas.allen@msn.com,Ireland
90,2024-01-6,Bureau,11,3672,Paul,Kirkland,paul.kirkland@gmail.com,France
380,2024-01-24,Lit,11,3703,Colette,Stuart,colette.stuart@msn.com,New Zealand
193,2024-01-4,Chaise,13,3807,Brian,Kline,brian.kline@protonmail.com,Canada
365,2024-01-9,Lit,12,3848,Axel,Hicks,axel.hicks@msn.com,United States
293,2024-01-30,Lampe,9,3911,Chester,Richardson,chester.richardson@protonmail.com,Netherlands
106,2024-01-31,Lit,9,3984,Ezekiel,Finch,ezekiel.finch@gmail.com,South Korea
491,2024-01-22,Chaise,9,3994,Byron,Carney,byron.carney@icloud.com,New Zealand
116,2024-01-17,Bureau,12,4040,Reese,Baird,reese.baird@gmail.com,Peru
410,2024-01-7,Bureau,13,4213,Celeste,Brock,celeste.brock@msn.com,Ukraine
61,2024-01-8,Lit,9,4235,Abdul,Joseph,abdul.joseph@gmail.com,United States
348,2024-01-24,Table,9,4254,Geoffrey,Chan,geoffrey.chan@msn.com,Colombia
141,2024-01-21,Lampe,9,4280,Nicholas,Marks,nicholas.marks@gmail.com,South Africa
404,2024-01-19,Bureau,11,4327,Scarlett,Henson,scarlett.henson@msn.com,Turkey
41,2024-01-23,Lit,9,4348,Colby,Decker,colby.decker@gmail.com,Pakistan
328,2024-01-12,Lampe,13,4353,Virginia,Puckett,virginia.puckett@protonmail.com,France
223,2024-01-13,Bureau,15,4417,Laurel,Glass,laurel.glass@protonmail.com,Pakistan
294,2024-01-28,Chaise,14,4434,Christine,Wilder,christine.wilder@protonmail.com,South Korea
277,2024-01-15,Lampe,9,4455,Francesca,Carter,francesca.carter@protonmail.com,Italy
338,2024-01-8,Commode,13,4459,Richard,Shelton,richard.shelton@protonmail.com,Colombia
486,2024-01-30,Lit,11,4506,Donovan,Charles,donovan.charles@icloud.com,Spain
362,2024-01-3,Lit,11,4556,Faith,Lloyd,faith.lloyd@msn.com,Indonesia
289,2024-01-29,Bureau,13,4600,Carol,Gardner,carol.gardner@protonmail.com,United States
85,2024-01-21,Table,9,4601,Noah,Tyler,noah.tyler@gmail.com,Brazil
37,2024-01-14,Lit,12,4782,Amery,Sullivan,amery.sullivan@yahoo.com,Italy
43,2024-01-13,Lit,14,4807,Tarik,Matthews,tarik.matthews@gmail.com,Russian Federation
306,2024-01-7,Chaise,11,4820,Leila,Owen,leila.owen@protonmail.com,Indonesia
81,2024-01-20,Bureau,14,4821,Ramona,Park,ramona.park@gmail.com,Chile
234,2024-01-9,Bureau,11,4847,Naida,Mckinney,naida.mckinney@protonmail.com,United Kingdom
125,2024-01-3,Lit,12,4879,Serina,Schultz,serina.schultz@gmail.com,Australia
467,2024-01-1,Commode,11,4916,Amy,Lane,amy.lane@msn.com,Singapore
103,2024-01-18,Lampe,12,5054,Clare,Tillman,clare.tillman@gmail.com,Austria
33,2024-01-1,Lit,11,5075,Cyrus,Melton,cyrus.melton@yahoo.com,Nigeria
483,2024-01-4,Lit,17,5093,Tate,Gray,tate.gray@icloud.com,Costa Rica
83,2024-01-13,Table,12,5108,Shafira,Green,shafira.green@gmail.com,Ireland
7,2024-01-21,Table,15,5116,Amelia,Chase,amelia.chase@gmail.com,Ukraine
369,2024-01-1,Bibliothèque,12,5147,Nash,Larsen,nash.larsen@msn.com,Italy
321,2024-01-1,Chaise,15,5256,Camille,Hale,camille.hale@protonmail.com,United States
415,2024-01-14,Commode,11,5306,Adrienne,Lang,adrienne.lang@msn.com,South Africa
441,2024-01-3,Chaise,17,5342,Brittany,Byrd,brittany.byrd@msn.com,Indonesia
239,2024-01-31,Lampe,14,5447,Gray,Lane,gray.lane@protonmail.com,Philippines
390,2024-01-31,Chaise,16,5476,Zahir,Rios,zahir.rios@msn.com,New Zealand
298,2024-01-13,Chaise,15,5547,Zia,Johnston,zia.johnston@protonmail.com,Singapore
436,2024-01-25,Table,18,5648,Xantha,Lester,xantha.lester@msn.com,Netherlands
82,2024-01-8,Table,17,5690,Shoshana,Fletcher,shoshana.fletcher@gmail.com,Norway
181,2024-01-5,Bureau,15,5730,Sydney,Luna,sydney.luna@protonmail.com,New Zealand
80,2024-01-18,Bureau,19,5745,Aspen,Blackwell,aspen.blackwell@gmail.com,Mexico
310,2024-01-23,Chaise,15,5805,Oscar,Berger,oscar.berger@protonmail.com,Turkey
259,2024-01-1,Lit,16,5861,Sade,Cox,sade.cox@protonmail.com,Mexico
290,2024-01-29,Lampe,12,5863,Kristen,Cruz,kristen.cruz@protonmail.com,Belgium
411,2024-01-10,Lampe,12,5879,Simone,Gay,simone.gay@msn.com,Singapore
199,2024-01-13,Chaise,13,5978,Stephen,Sharp,stephen.sharp@protonmail.com,Australia
174,2024-01-14,Bureau,16,5979,Caldwell,Beach,caldwell.beach@protonmail.com,Belgium
165,2024-01-22,Table,19,6021,Mary,Keith,mary.keith@gmail.com,United Kingdom
314,2024-01-28,Chaise,17,6049,Ishmael,Prince,ishmael.prince@protonmail.com,Belgium
10,2024-01-22,Bibliothèque,15,6095,Hall,Pittman,hall.pittman@gmail.com,United Kingdom
54,2024-01-17,Lit,16,6100,Rashad,Long,rashad.long@gmail.com,South Africa
65,2024-01-30,Lit,15,6149,Eaton,Harris,eaton.harris@gmail.com,Colombia
458,2024-01-15,Commode,15,6172,Zeus,Cash,zeus.cash@msn.com,Philippines
435,2024-01-26,Table,13,6217,Ingrid,Garner,ingrid.garner@msn.com,Singapore
301,2024-01-28,Chaise,17,6235,Adena,Fischer,adena.fischer@protonmail.com,Norway
240,2024-01-9,Lampe,14,6241,Scarlet,Ingram,scarlet.ingram@protonmail.com,Norway
163,2024-01-8,Table,17,6280,Alvin,Robbins,alvin.robbins@gmail.com,Germany
375,2024-01-16,Lit,13,6323,Kitra,Vazquez,kitra.vazquez@msn.com,Indonesia
126,2024-01-1,Lit,19,6474,Zahir,Bush,zahir.bush@gmail.com,Nigeria
267,2024-01-13,Lit,21,6484,Grant,Dominguez,grant.dominguez@protonmail.com,Indonesia
381,2024-01-29,Lit,16,6505,Gail,Roberts,gail.roberts@msn.com,United States
147,2024-01-22,Bureau,19,6533,Shannon,Chen,shannon.chen@gmail.com,India
55,2024-01-29,Lit,19,6553,Brynn,Odom,brynn.odom@gmail.com,Italy
283,2024-01-14,Commode,14,6589,Lillith,Walsh,lillith.walsh@protonmail.com,Belgium
263,2024-01-19,Lit,15,6744,Quail,Roth,quail.roth@protonmail.com,Vietnam
226,2024-01-4,Bureau,15,6768,Martina,Molina,martina.molina@protonmail.com,South Africa
206,2024-01-16,Chaise,21,6769,Chaim,Watkins,chaim.watkins@protonmail.com,Germany
308,2024-01-29,Chaise,14,6772,Mona,Hardin,mona.hardin@protonmail.com,South Africa
242,2024-01-22,Lampe,14,6804,Gareth,Bell,gareth.bell@protonmail.com,Russian Federation
42,2024-01-20,Lit,15,6881,Nadine,Roth,nadine.roth@gmail.com,Pakistan
490,2024-01-12,Lit,21,6908,Ciaran,Ray,ciaran.ray@icloud.com,Costa Rica
32,2024-01-24,Lit,19,6914,Ainsley,Gonzalez,ainsley.gonzalez@yahoo.com,Indonesia
212,2024-01-5,Lampe,21,6929,Jakeem,Conley,jakeem.conley@protonmail.com,Austria
40,2024-01-23,Lit,19,6936,Erasmus,Weber,erasmus.weber@yahoo.com,Netherlands
169,2024-01-13,Lampe,21,6998,Hyacinth,Cash,hyacinth.cash@protonmail.com,Peru
462,2024-01-12,Bibliothèque,19,7076,Dana,Alexander,dana.alexander@msn.com,United Kingdom
67,2024-01-7,Lit,23,7092,Chiquita,Spears,chiquita.spears@gmail.com,Nigeria
241,2024-01-25,Lampe,15,7133,Echo,Valenzuela,echo.valenzuela@protonmail.com,Sweden
484,2024-01-19,Lit,16,7359,Jenna,Albert,jenna.albert@icloud.com,Vietnam
91,2024-01-1,Bureau,17,7361,Quyn,Forbes,quyn.forbes@gmail.com,Netherlands
455,2024-01-4,Commode,18,7367,Colorado,O'brien,colorado.o'brien@msn.com,Netherlands
391,2024-01-13,Chaise,23,7371,Marshall,Beasley,marshall.beasley@msn.com,Vietnam
11,2024-01-29,Bibliothèque,15,7374,Caryn,Ferrell,caryn.ferrell@gmail.com,Brazil
157,2024-01-9,Lampe,24,7448,Callum,Rice,callum.rice@gmail.com,Turkey
36,2024-01-20,Lit,19,7501,Cara,Malone,cara.malone@yahoo.com,South Africa
385,2024-01-29,Chaise,17,7554,Karly,Crane,karly.crane@msn.com,Belgium
252,2024-01-13,Lit,19,7569,Nero,Ewing,nero.ewing@protonmail.com,Vietnam
323,2024-01-14,Chaise,22,7629,Zoe,Tanner,zoe.tanner@protonmail.com,Turkey
487,2024-01-15,Lit,17,7734,Jameson,Cabrera,jameson.cabrera@icloud.com,China
345,2024-01-25,Table,17,7754,Zephania,Fitzgerald,zephania.fitzgerald@gmail.com,South Korea
112,2024-01-16,Bureau,21,7760,Leigh,Wolfe,leigh.wolfe@gmail.com,Philippines
454,2024-01-11,Commode,22,7813,Grady,Cross,grady.cross@msn.com,Russian Federation
395,2024-01-3,Chaise,21,7834,Brendan,Wolfe,brendan.wolfe@msn.com,Chile
133,2024-01-25,Lampe,24,7857,Malik,Herman,malik.herman@gmail.com,Philippines
88,2024-01-31,Lampe,17,7944,Christopher,Mack,christopher.mack@gmail.com,Australia
449,2024-01-12,Chaise,21,7951,Helen,Singleton,helen.singleton@msn.com,Turkey
192,2024-01-29,Chaise,22,7953,Connor,Lancaster,connor.lancaster@protonmail.com,Nigeria
4,2024-01-19,Table,16,7977,Tasha,Garrett,tasha.garrett@gmail.com,South Korea
135,2024-01-1,Table,17,8000,Risa,Jackson,risa.jackson@gmail.com,United Kingdom
173,2024-01-25,Bureau,26,8054,Kay,Simmons,kay.simmons@protonmail.com,Pakistan
250,2024-01-21,Lit,22,8104,Quinn,Langley,quinn.langley@protonmail.com,Ireland
228,2024-01-27,Bureau,25,8110,Galena,Golden,galena.golden@protonmail.com,Belgium
121,2024-01-30,Lit,27,8149,Lael,Erickson,lael.erickson@gmail.com,Belgium
342,2024-01-2,Table,19,8163,Nayda,Glenn,nayda.glenn@protonmail.com,China
358,2024-01-24,Lampe,21,8168,Lane,Ruiz,lane.ruiz@msn.com,Costa Rica
307,2024-01-5,Chaise,21,8178,Bert,Mullins,bert.mullins@protonmail.com,Peru
131,2024-01-4,Lampe,26,8196,Shana,Sharp,shana.sharp@gmail.com,Nigeria
286,2024-01-12,Bureau,17,8218,Wallace,Crawford,wallace.crawford@protonmail.com,Poland
113,2024-01-12,Bureau,27,8230,Noble,Byrd,noble.byrd@gmail.com,Costa Rica
196,2024-01-21,Chaise,19,8230,Eleanor,Dean,eleanor.dean@protonmail.com,Germany
168,2024-01-20,Lampe,25,8309,Leigh,Smith,leigh.smith@protonmail.com,New Zealand
495,2024-01-30,Commode,18,8321,Josiah,Harrell,josiah.harrell@icloud.com,France
48,2024-01-26,Lit,18,8365,Amethyst,Schmidt,amethyst.schmidt@gmail.com,Italy
414,2024-01-1,Commode,24,8377,Piper,Harper,piper.harper@msn.com,Ireland
99,2024-01-29,Lampe,23,8395,Nero,Blair,nero.blair@gmail.com,United States
129,2024-01-6,Lampe,17,8398,Maile,Lewis,maile.lewis@gmail.com,Chile
158,2024-01-22,Table,18,8413,Brent,Barber,brent.barber@gmail.com,Chile
341,2024-01-29,Table,27,8433,Camille,Reyes,camille.reyes@protonmail.com,Belgium
350,2024-01-21,Bibliothèque,27,8461,Riley,Coffey,riley.coffey@msn.com,Costa Rica
6,2024-01-5,Table,19,8462,Dieter,Sparks,dieter.sparks@gmail.com,Italy
59,2024-01-1,Lit,17,8480,Cade,Yang,cade.yang@gmail.com,South Korea
246,2024-01-12,Lampe,21,8534,Burton,Mays,burton.mays@protonmail.com,Turkey
382,2024-01-18,Lampe,27,8572,Honorato,Kaufman,honorato.kaufman@msn.com,Brazil
368,2024-01-19,Bibliothèque,26,8588,Dane,Conway,dane.conway@msn.com,Turkey
280,2024-01-18,Bibliothèque,21,8606,Curran,Roberts,curran.roberts@protonmail.com,Philippines
200,2024-01-23,Bibliothèque,23,8630,Cain,Vasquez,cain.vasquez@protonmail.com,China
89,2024-01-5,Lampe,17,8678,Brenden,Briggs,brenden.briggs@gmail.com,Mexico
13,2024-01-24,Table,21,8723,Armando,Johnston,armando.johnston@gmail.com,Brazil
16,2024-01-13,Table,22,8865,Carter,Washington,carter.washington@gmail.com,Indonesia
73,2024-01-9,Lit,31,8940,Jordan,Chandler,jordan.chandler@gmail.com,Netherlands
198,2024-01-21,Chaise,21,8976,Amity,Dixon,amity.dixon@protonmail.com,Singapore
407,2024-01-10,Bureau,21,8982,Garrison,Perkins,garrison.perkins@msn.com,Brazil
35,2024-01-18,Lit,28,9033,Veda,Luna,veda.luna@yahoo.com,United States
96,2024-01-23,Bureau,22,9046,Kyle,Kelley,kyle.kelley@gmail.com,South Korea
64,2024-01-13,Lit,21,9132,Nathan,Mathis,nathan.mathis@gmail.com,United Kingdom
183,2024-01-3,Bureau,21,9148,Uriel,Thomas,uriel.thomas@protonmail.com,Vietnam
457,2024-01-29,Commode,25,9172,Ocean,Olsen,ocean.olsen@msn.com,Peru
492,2024-01-4,Chaise,26,9185,Sean,Farley,sean.farley@icloud.com,Russian Federation
268,2024-01-7,Lit,28,9263,Nero,Baxter,nero.baxter@protonmail.com,Germany
8,2024-01-7,Table,22,9368,Keelie,Knight,keelie.knight@gmail.com,Spain
123,2024-01-14,Lit,21,9368,Robin,Nieves,robin.nieves@gmail.com,Brazil
300,2024-01-7,Chaise,24,9505,Lewis,O'donnell,lewis.o'donnell@protonmail.com,Vietnam
498,2024-01-2,Chaise,22,9641,Duncan,York,duncan.york@icloud.com,Brazil
18,2024-01-25,Table,29,9674,Nell,Gibson,nell.gibson@gmail.com,Nigeria
463,2024-01-28,Bureau,29,9718,Whoopi,Brennan,whoopi.brennan@msn.com,Austria
352,2024-01-23,Bibliothèque,29,9728,Connor,Hubbard,connor.hubbard@msn.com,United Kingdom
138,2024-01-5,Table,21,9781,Upton,Frye,upton.frye@gmail.com,Costa Rica
265,2024-01-21,Lit,28,9799,Arden,Clemons,arden.clemons@protonmail.com,South Korea
172,2024-01-7,Bureau,23,9814,Branden,Atkinson,branden.atkinson@protonmail.com,China
254,2024-01-17,Lit,31,9817,Kirby,Mueller,kirby.mueller@protonmail.com,Norway
400,2024-01-6,Lampe,31,9817,Sierra,Pratt,sierra.pratt@msn.com,Germany
447,2024-01-19,Chaise,29,9927,Summer,Mckenzie,summer.mckenzie@msn.com,Australia
75,2024-01-29,Lit,24,9960,Suki,Berger,suki.berger@gmail.com,Costa Rica
443,2024-01-30,Chaise,28,10211,Nero,Finley,nero.finley@msn.com,Vietnam
148,2024-01-29,Bureau,31,10290,Jared,Schroeder,jared.schroeder@gmail.com,China
494,2024-01-21,Commode,29,10297,Ocean,Guthrie,ocean.guthrie@icloud.com,South Korea
326,2024-01-5,Lampe,34,10352,Brooke,Terrell,brooke.terrell@protonmail.com,Netherlands
107,2024-01-14,Lit,31,10414,Iliana,Jacobs,iliana.jacobs@gmail.com,Spain
49,2024-01-8,Lit,28,10518,Patience,Weaver,patience.weaver@gmail.com,Costa Rica
221,2024-01-24,Bureau,24,10525,Stewart,Kinney,stewart.kinney@protonmail.com,Netherlands
21,2024-01-11,Table,25,10535,Moses,Torres,moses.torres@gmail.com,Brazil
66,2024-01-14,Lit,22,10539,Jin,Weeks,jin.weeks@gmail.com,Philippines
344,2024-01-11,Table,32,10615,Sade,Spears,sade.spears@gmail.com,South Korea
329,2024-01-25,Lampe,26,10641,Jarrod,Shields,jarrod.shields@protonmail.com,Brazil
418,2024-01-12,Commode,35,10662,Vanna,Patton,vanna.patton@msn.com,Peru
315,2024-01-30,Chaise,28,10681,Fleur,Yates,fleur.yates@protonmail.com,Costa Rica
319,2024-01-2,Chaise,24,10683,Isaiah,Underwood,isaiah.underwood@protonmail.com,Colombia
353,2024-01-17,Bibliothèque,24,10686,Kitra,Gomez,kitra.gomez@msn.com,Italy
180,2024-01-17,Bureau,25,10783,Adria,Hodges,adria.hodges@protonmail.com,India
409,2024-01-9,Bureau,26,10845,Kyla,Ferguson,kyla.ferguson@msn.com,Brazil
236,2024-01-5,Lampe,34,10863,Naomi,Blevins,naomi.blevins@protonmail.com,South Africa
396,2024-01-13,Chaise,26,10883,Emery,Oneil,emery.oneil@msn.com,Spain
136,2024-01-13,Table,26,10926,Nell,Morrow,nell.morrow@gmail.com,France
489,2024-01-14,Lit,29,10966,Isaiah,Patton,isaiah.patton@icloud.com,Germany
145,2024-01-10,Bureau,33,11123,Claire,Aguirre,claire.aguirre@gmail.com,Philippines
74,2024-01-10,Lit,27,11131,Reed,Collier,reed.collier@gmail.com,Mexico
452,2024-01-14,Chaise,31,11210,Brendan,Bridges,brendan.bridges@msn.com,Sweden
346,2024-01-4,Table,23,11217,Camilla,Reyes,camilla.reyes@msn.com,Poland
296,2024-01-9,Chaise,26,11298,Meghan,Rodgers,meghan.rodgers@protonmail.com,Belgium
25,2024-01-22,Table,25,11347,Wynne,Travis,wynne.travis@yahoo.com,Pakistan
324,2024-01-28,Chaise,29,11403,Xenos,Jarvis,xenos.jarvis@protonmail.com,Brazil
220,2024-01-20,Bureau,33,11411,Carl,Nixon,carl.nixon@protonmail.com,Turkey
291,2024-01-18,Lampe,23,11429,Ivy,Cole,ivy.cole@protonmail.com,Norway
185,2024-01-20,Bureau,24,11518,Castor,Hess,castor.hess@protonmail.com,Vietnam
393,2024-01-18,Chaise,29,11520,Renee,Price,renee.price@msn.com,China
327,2024-01-3,Lampe,23,11558,Amena,Rodgers,amena.rodgers@protonmail.com,Singapore
238,2024-01-22,Lampe,23,11563,Eaton,Chavez,eaton.chavez@protonmail.com,South Africa
387,2024-01-4,Chaise,26,11570,Michael,Bryant,michael.bryant@msn.com,Austria
58,2024-01-10,Lit,39,11580,Gay,Erickson,gay.erickson@gmail.com,Costa Rica
153,2024-01-30,Bureau,38,11605,Finn,Avila,finn.avila@gmail.com,Austria
232,2024-01-12,Bureau,27,11612,Palmer,Wynn,palmer.wynn@protonmail.com,Poland
278,2024-01-3,Lampe,38,11650,Melinda,Glass,melinda.glass@protonmail.com,Germany
471,2024-01-7,Lit,25,11707,Zachery,Jenkins,zachery.jenkins@msn.com,Pakistan
93,2024-01-22,Bureau,29,11732,Meredith,Justice,meredith.justice@gmail.com,Australia
184,2024-01-11,Bureau,25,11739,Quynn,Gregory,quynn.gregory@protonmail.com,Italy
478,2024-01-21,Lampe,24,11910,Aristotle,Benjamin,aristotle.benjamin@icloud.com,Ukraine
152,2024-01-24,Bureau,28,11922,Cassady,Taylor,cassady.taylor@gmail.com,Germany
15,2024-01-12,Table,38,11937,Gabriel,Flores,gabriel.flores@gmail.com,Brazil
151,2024-01-12,Bureau,35,11973,Tara,Logan,tara.logan@gmail.com,Belgium
311,2024-01-15,Chaise,31,12041,Anjolie,Cherry,anjolie.cherry@protonmail.com,Canada
485,2024-01-21,Lit,31,12059,Allen,Ortiz,allen.ortiz@icloud.com,Colombia
249,2024-01-21,Lit,38,12076,Karyn,Martin,karyn.martin@protonmail.com,Singapore
316,2024-01-5,Chaise,37,12080,Brynn,Hahn,brynn.hahn@protonmail.com,Pakistan
224,2024-01-17,Bureau,25,12133,Faith,Walsh,faith.walsh@protonmail.com,Nigeria
150,2024-01-7,Bureau,26,12202,Barclay,Snow,barclay.snow@gmail.com,Italy
262,2024-01-9,Lit,36,12237,Steel,Velez,steel.velez@protonmail.com,Canada
388,2024-01-8,Chaise,25,12250,Ivor,Blair,ivor.blair@msn.com,United States
460,2024-01-1,Bibliothèque,41,12281,Rebecca,Franklin,rebecca.franklin@msn.com,Vietnam
38,2024-01-9,Lit,29,12312,Xena,Cole,xena.cole@yahoo.com,Italy
140,2024-01-8,Lampe,25,12360,Kenyon,Davenport,kenyon.davenport@gmail.com,Italy
412,2024-01-8,Lampe,41,12381,Zenia,Clay,zenia.clay@msn.com,Poland
76,2024-01-1,Bureau,27,12388,Dieter,Dale,dieter.dale@gmail.com,France
92,2024-01-29,Bureau,28,12469,Emmanuel,Mann,emmanuel.mann@gmail.com,Austria
439,2024-01-14,Lampe,36,12476,Debra,Blake,debra.blake@msn.com,Poland
127,2024-01-10,Lampe,41,12486,Lydia,Newton,lydia.newton@gmail.com,Russian Federation
383,2024-01-2,Lampe,25,12487,Gray,Burch,gray.burch@msn.com,Colombia
493,2024-01-10,Commode,36,12577,Fredericka,Hull,fredericka.hull@icloud.com,United Kingdom
19,2024-01-18,Table,38,12593,Dolan,Smith,dolan.smith@gmail.com,Singapore
227,2024-01-26,Bureau,27,12695,Lionel,Jensen,lionel.jensen@protonmail.com,Indonesia
166,2024-01-11,Lampe,29,12767,Yolanda,Knowles,yolanda.knowles@protonmail.com,Indonesia
159,2024-01-29,Table,27,12797,Tarik,Foreman,tarik.foreman@gmail.com,Ukraine
264,2024-01-19,Lit,29,12811,Imani,Sutton,imani.sutton@protonmail.com,Brazil
437,2024-01-1,Lampe,29,12848,Walker,Mueller,walker.mueller@msn.com,Pakistan
360,2024-01-11,Lampe,28,12874,Natalie,Yang,natalie.yang@msn.com,Ukraine
281,2024-01-14,Commode,29,12882,Phyllis,Hurley,phyllis.hurley@protonmail.com,Italy
68,2024-01-11,Lit,27,12890,Nayda,Lawrence,nayda.lawrence@gmail.com,Italy
194,2024-01-30,Chaise,31,13057,Leilani,Marks,leilani.marks@protonmail.com,United Kingdom
284,2024-01-4,Commode,26,13061,Caryn,Fulton,caryn.fulton@protonmail.com,Ukraine
402,2024-01-2,Lampe,26,13084,Isaiah,Perkins,isaiah.perkins@msn.com,Nigeria
94,2024-01-24,Bureau,41,13217,Stephen,Roman,stephen.roman@gmail.com,Norway
331,2024-01-5,Lampe,33,13262,Eric,Bennett,eric.bennett@protonmail.com,Mexico
47,2024-01-1,Lit,36,13278,Marsden,Ewing,marsden.ewing@gmail.com,Ireland
134,2024-01-22,Table,36,13300,Megan,Harmon,megan.harmon@gmail.com,Vietnam
203,2024-01-17,Chaise,37,13314,Harding,Banks,harding.banks@protonmail.com,Germany
57,2024-01-15,Lit,32,13329,Matthew,Acosta,matthew.acosta@gmail.com,Australia
476,2024-01-10,Lit,34,13355,Leonard,Osborn,leonard.osborn@icloud.com,France
30,2024-01-8,Lit,36,13376,Sebastian,Lara,sebastian.lara@yahoo.com,Netherlands
97,2024-01-3,Bureau,33,13393,Kirk,Bond,kirk.bond@gmail.com,Chile
386,2024-01-7,Chaise,42,13472,August,Jackson,august.jackson@msn.com,France
357,2024-01-25,Bureau,31,13519,Alexander,Beach,alexander.beach@msn.com,Brazil
282,2024-01-28,Commode,35,13535,Kelly,Powell,kelly.powell@protonmail.com,Germany
195,2024-01-29,Chaise,38,13574,Graham,Knowles,graham.knowles@protonmail.com,Vietnam
39,2024-01-13,Lit,31,13581,Phillip,Britt,phillip.britt@yahoo.com,Sweden
216,2024-01-19,Lampe,34,13626,Hilel,May,hilel.may@protonmail.com,Pakistan
190,2024-01-5,Lampe,35,13632,Dominic,Bowman,dominic.bowman@protonmail.com,Ukraine
432,2024-01-7,Table,42,13720,Griffin,Berry,griffin.berry@msn.com,United States
363,2024-01-18,Lit,44,13752,Sydnee,Guerrero,sydnee.guerrero@msn.com,Pakistan
177,2024-01-15,Bureau,45,13803,Drake,Jenkins,drake.jenkins@protonmail.com,Sweden
335,2024-01-30,Commode,39,13855,Jolene,Orr,jolene.orr@protonmail.com,Italy
219,2024-01-23,Bureau,41,13918,Devin,Watson,devin.watson@protonmail.com,Austria
392,2024-01-2,Chaise,41,13951,Juliet,Daniels,juliet.daniels@msn.com,Philippines
377,2024-01-3,Lit,29,14006,Renee,Shaw,renee.shaw@msn.com,Germany
28,2024-01-20,Table,35,14014,Yolanda,Collier,yolanda.collier@yahoo.com,Peru
274,2024-01-8,Lampe,43,14114,Nicholas,Parsons,nicholas.parsons@protonmail.com,Costa Rica
132,2024-01-26,Lampe,36,14192,Melanie,Hayes,melanie.hayes@gmail.com,Singapore
303,2024-01-23,Chaise,34,14216,Tanisha,Wilcox,tanisha.wilcox@protonmail.com,Poland
156,2024-01-20,Lampe,36,14269,Damian,Brady,damian.brady@gmail.com,United Kingdom
465,2024-01-5,Bureau,42,14299,Stone,Knowles,stone.knowles@msn.com,Mexico
474,2024-01-25,Lit,39,14381,Athena,Finch,athena.finch@gmail.com,Colombia
499,2024-01-15,Chaise,33,14387,Demetria,Gamble,demetria.gamble@icloud.com,India
222,2024-01-27,Bureau,31,14395,Tarik,Sosa,tarik.sosa@protonmail.com,Ukraine
208,2024-01-1,Chaise,41,14412,Ryan,Buck,ryan.buck@protonmail.com,South Africa
253,2024-01-21,Lit,43,14425,Hollee,Cummings,hollee.cummings@protonmail.com,Ukraine
17,2024-01-15,Table,37,14429,Slade,Boyle,slade.boyle@gmail.com,Nigeria
394,2024-01-21,Chaise,44,14448,Brynn,Pate,brynn.pate@msn.com,Singapore
459,2024-01-22,Bibliothèque,34,14477,Jerry,Travis,jerry.travis@msn.com,Vietnam
149,2024-01-6,Bureau,29,14485,Lesley,Pennington,lesley.pennington@gmail.com,Russian Federation
366,2024-01-12,Bibliothèque,39,14625,Buckminster,Mercer,buckminster.mercer@msn.com,Vietnam
317,2024-01-26,Chaise,41,14626,Serena,Sloan,serena.sloan@protonmail.com,Turkey
313,2024-01-19,Chaise,42,14634,Jordan,Dorsey,jordan.dorsey@protonmail.com,Philippines
351,2024-01-9,Bibliothèque,33,14643,Willa,Avery,willa.avery@msn.com,China
438,2024-01-18,Lampe,47,14705,Kibo,English,kibo.english@msn.com,Poland
143,2024-01-19,Bureau,48,14719,Thomas,Mayo,thomas.mayo@gmail.com,Chile
421,2024-01-17,Table,45,14722,Tatyana,Baird,tatyana.baird@msn.com,India
401,2024-01-8,Lampe,32,14758,Reed,Sanders,reed.sanders@msn.com,United States
245,2024-01-10,Lampe,31,14838,Brady,Miles,brady.miles@protonmail.com,Russian Federation
367,2024-01-29,Bibliothèque,39,14850,Hollee,Downs,hollee.downs@msn.com,Belgium
70,2024-01-14,Lit,41,14963,Hop,Herman,hop.herman@gmail.com,Germany
477,2024-01-10,Lampe,34,14968,Shea,Vargas,shea.vargas@icloud.com,Colombia
399,2024-01-29,Lampe,34,15099,Joel,Kline,joel.kline@msn.com,Australia
334,2024-01-7,Commode,48,15124,Lane,Branch,lane.branch@protonmail.com,India
405,2024-01-8,Bureau,33,15134,Amelia,Hobbs,amelia.hobbs@msn.com,South Korea
243,2024-01-6,Lampe,36,15146,Thaddeus,Zamora,thaddeus.zamora@protonmail.com,Russian Federation
266,2024-01-9,Lit,37,15331,Axel,Hampton,axel.hampton@protonmail.com,Pakistan
403,2024-01-13,Bureau,51,15336,Mufutau,Jacobson,mufutau.jacobson@msn.com,Singapore
176,2024-01-27,Bureau,41,15351,Edward,Griffith,edward.griffith@protonmail.com,Australia
416,2024-01-17,Commode,45,15446,Barry,Morgan,barry.morgan@msn.com,Spain
287,2024-01-30,Bureau,38,15478,Fay,Harrington,fay.harrington@protonmail.com,Norway
480,2024-01-23,Lampe,41,15547,Emerald,Hansen,emerald.hansen@icloud.com,Costa Rica
423,2024-01-6,Table,38,15630,Germane,Humphrey,germane.humphrey@msn.com,Australia
272,2024-01-22,Lampe,32,15642,Mary,Hatfield,mary.hatfield@protonmail.com,Austria
98,2024-01-4,Lampe,49,15711,Nadine,Kaufman,nadine.kaufman@gmail.com,Poland
297,2024-01-22,Chaise,39,15721,Aiko,Cotton,aiko.cotton@protonmail.com,Italy
413,2024-01-9,Lampe,42,15840,Lucy,Spencer,lucy.spencer@msn.com,Brazil
419,2024-01-6,Table,35,15855,Geoffrey,Riley,geoffrey.riley@msn.com,Germany
182,2024-01-18,Bureau,41,15921,Brett,Shelton,brett.shelton@protonmail.com,Indonesia
217,2024-01-31,Lampe,41,15971,Kuame,Sutton,kuame.sutton@protonmail.com,Ireland
354,2024-01-17,Bureau,38,16044,Meredith,May,meredith.may@msn.com,Ukraine
285,2024-01-15,Commode,51,16070,Griffin,Hanson,griffin.hanson@protonmail.com,France
333,2024-01-11,Commode,39,16075,Carson,Cervantes,carson.cervantes@protonmail.com,Brazil
44,2024-01-2,Lit,45,16086,Mark,Holder,mark.holder@gmail.com,Ireland
427,2024-01-31,Table,47,16103,Kristen,Avila,kristen.avila@msn.com,Canada
22,2024-01-18,Table,35,16124,Beatrice,Greer,beatrice.greer@yahoo.com,Austria
179,2024-01-21,Bureau,41,16138,Elliott,Booth,elliott.booth@protonmail.com,United Kingdom
434,2024-01-2,Table,35,16146,Linda,Fulton,linda.fulton@msn.com,Russian Federation
312,2024-01-5,Commode,41,16158,Kaseem,Allen,kaseem.allen@protonmail.com,China
370,2024-01-20,Bibliothèque,47,16173,Madeline,Finley,madeline.finley@msn.com,India
108,2024-01-29,Lit,33,16259,Ryan,Tanner,ryan.tanner@gmail.com,Italy
361,2024-01-6,Lit,51,16325,Tamekah,Love,tamekah.love@msn.com,Indonesia
244,2024-01-22,Lampe,51,16326,Kenyon,Cannon,kenyon.cannon@protonmail.com,United Kingdom
379,2024-01-10,Lit,39,16381,Anastasia,Thompson,anastasia.thompson@msn.com,Mexico
137,2024-01-2,Table,34,16385,Tatiana,Hammond,tatiana.hammond@gmail.com,Ukraine
52,2024-01-29,Commode,43,16387,Odysseus,Lawrence,odysseus.lawrence@gmail.com,India
214,2024-01-13,Lampe,51,16419,Serina,Camacho,serina.camacho@protonmail.com,United States
95,2024-01-18,Bureau,34,16494,Garrett,Noel,garrett.noel@gmail.com,United States
50,2024-01-11,Commode,44,16502,Noah,Osborn,noah.osborn@gmail.com,China
320,2024-01-11,Chaise,33,16522,Emerson,Morales,emerson.morales@protonmail.com,Germany
202,2024-01-14,Bibliothèque,45,16534,Sybill,Mcneil,sybill.mcneil@protonmail.com,China
275,2024-01-10,Lampe,38,16580,Tiger,Nicholson,tiger.nicholson@protonmail.com,Costa Rica
378,2024-01-2,Lit,54,16680,Davis,Noble,davis.noble@msn.com,Poland
27,2024-01-12,Table,47,16699,Maryam,Perry,maryam.perry@yahoo.com,Russian Federation
53,2024-01-7,Commode,39,16737,Reed,Crane,reed.crane@gmail.com,Philippines
420,2024-01-3,Table,41,16833,Beau,Blanchard,beau.blanchard@msn.com,China
488,2024-01-17,Lit,47,16973,Indigo,Hale,indigo.hale@icloud.com,Ireland
155,2024-01-23,Lampe,35,17105,Odysseus,Velazquez,odysseus.velazquez@gmail.com,Indonesia
154,2024-01-28,Bureau,35,17127,Aidan,Hunter,aidan.hunter@gmail.com,Russian Federation
442,2024-01-9,Chaise,35,17139,Valentine,Ratliff,valentine.ratliff@msn.com,Belgium
256,2024-01-19,Lit,44,17217,Dieter,Waller,dieter.waller@protonmail.com,Ireland
51,2024-01-5,Commode,45,17421,Dale,Henry,dale.henry@gmail.com,Germany
330,2024-01-7,Lampe,42,17437,Lavinia,Hood,lavinia.hood@protonmail.com,Philippines
304,2024-01-31,Chaise,41,17453,Noble,Rasmussen,noble.rasmussen@protonmail.com,Peru
167,2024-01-27,Lampe,41,17464,Peter,Noble,peter.noble@protonmail.com,United Kingdom
336,2024-01-9,Table,43,17532,Signe,Carson,signe.carson@protonmail.com,Mexico
343,2024-01-9,Table,53,17568,September,Kirk,september.kirk@protonmail.com,United States
100,2024-01-12,Lampe,57,17575,Shelby,Hopper,shelby.hopper@gmail.com,Ireland
225,2024-01-11,Bureau,48,17581,Caleb,Hendricks,caleb.hendricks@protonmail.com,India
364,2024-01-18,Lit,58,17591,Serena,Reilly,serena.reilly@msn.com,Austria
31,2024-01-11,Lit,42,17601,Allistair,Duke,allistair.duke@yahoo.com,Spain
448,2024-01-21,Chaise,49,17609,Byron,Lane,byron.lane@msn.com,Spain
347,2024-01-21,Table,41,17720,Gabriel,Willis,gabriel.willis@msn.com,Netherlands
233,2024-01-8,Bureau,54,17747,Wynne,Payne,wynne.payne@protonmail.com,Spain
461,2024-01-15,Bibliothèque,52,17801,Kim,Daniels,kim.daniels@msn.com,Spain
62,2024-01-2,Lit,58,17842,Fallon,Reed,fallon.reed@gmail.com,Spain
26,2024-01-7,Table,51,17864,Cade,Garner,cade.garner@yahoo.com,Germany
473,2024-01-11,Lit,42,17885,Lee,Harrell,lee.harrell@gmail.com,Nigeria
72,2024-01-26,Lit,37,17901,Ivana,Briggs,ivana.briggs@gmail.com,Philippines
79,2024-01-28,Bureau,43,17915,Liberty,Moran,liberty.moran@gmail.com,United Kingdom
475,2024-01-26,Lit,51,18001,Nyssa,Witt,nyssa.witt@icloud.com,Chile
213,2024-01-20,Lampe,52,18017,Nicole,Mcconnell,nicole.mcconnell@protonmail.com,Ireland
109,2024-01-13,Lit,61,18022,Troy,Daugherty,troy.daugherty@gmail.com,South Korea
164,2024-01-14,Table,41,18027,Austin,Travis,austin.travis@gmail.com,France
273,2024-01-13,Lampe,46,18035,Chaney,Brady,chaney.brady@protonmail.com,Philippines
146,2024-01-15,Bureau,37,18110,Keelie,Paul,keelie.paul@gmail.com,Sweden
472,2024-01-1,Lit,38,18114,Brittany,Olsen,brittany.olsen@msn.com,Mexico
248,2024-01-17,Lampe,37,18141,Wang,Mendoza,wang.mendoza@protonmail.com,Chile
292,2024-01-6,Lampe,49,18197,Solomon,Snider,solomon.snider@protonmail.com,China
24,2024-01-30,Table,41,18354,Castor,Nguyen,castor.nguyen@yahoo.com,Chile
288,2024-01-30,Bureau,47,18470,Bert,Salas,bert.salas@protonmail.com,Nigeria
160,2024-01-14,Table,55,18495,Chaim,Kane,chaim.kane@gmail.com,China
111,2024-01-1,Bureau,42,18547,Kiona,Melendez,kiona.melendez@gmail.com,France
440,2024-01-1,Chaise,55,18583,Giacomo,Payne,giacomo.payne@msn.com,Ireland
9,2024-01-5,Bibliothèque,47,18600,Jamal,Blankenship,jamal.blankenship@gmail.com,Ireland
446,2024-01-3,Chaise,37,18627,Orlando,Rios,orlando.rios@msn.com,Austria
175,2024-01-16,Bureau,51,18636,Sopoline,Contreras,sopoline.contreras@protonmail.com,Sweden
406,2024-01-16,Bureau,59,18684,Castor,Frost,castor.frost@msn.com,Poland
120,2024-01-25,Lit,54,18727,Joel,Warner,joel.warner@gmail.com,Italy
339,2024-01-15,Table,39,18734,Eleanor,Pate,eleanor.pate@protonmail.com,Belgium
171,2024-01-5,Bureau,56,18772,Merrill,Alford,merrill.alford@protonmail.com,France
142,2024-01-15,Lampe,59,18782,Constance,Reilly,constance.reilly@gmail.com,New Zealand
114,2024-01-17,Bureau,38,18811,Lane,Short,lane.short@gmail.com,Australia
23,2024-01-29,Table,38,18814,Dolan,Jordan,dolan.jordan@yahoo.com,United Kingdom
78,2024-01-23,Bureau,44,18836,Stone,Zimmerman,stone.zimmerman@gmail.com,India
424,2024-01-8,Table,42,18995,Bryar,Hodge,bryar.hodge@msn.com,Turkey
468,2024-01-15,Commode,39,19000,Honorato,Spears,honorato.spears@msn.com,Canada
318,2024-01-7,Chaise,41,19009,Mona,Byrd,mona.byrd@protonmail.com,United Kingdom
349,2024-01-23,Table,61,19077,Stuart,Aguilar,stuart.aguilar@msn.com,Italy
444,2024-01-8,Chaise,52,19078,Mufutau,Hurley,mufutau.hurley@msn.com,South Korea
14,2024-01-21,Table,43,19086,Nerea,Mcknight,nerea.mcknight@gmail.com,Russian Federation
207,2024-01-1,Chaise,61,19161,Yardley,Hickman,yardley.hickman@protonmail.com,Norway
204,2024-01-13,Chaise,44,19182,Francis,Valdez,francis.valdez@protonmail.com,Netherlands
63,2024-01-20,Lit,53,19212,Leslie,Chapman,leslie.chapman@gmail.com,Ukraine
260,2024-01-5,Lit,41,19213,Robert,Norris,robert.norris@protonmail.com,Indonesia
235,2024-01-24,Lampe,63,19288,Barry,Cantu,barry.cantu@protonmail.com,Singapore
431,2024-01-6,Table,54,19298,Rana,Owens,rana.owens@msn.com,Spain
422,2024-01-21,Table,47,19335,Mufutau,Battle,mufutau.battle@msn.com,Nigeria
466,2024-01-9,Commode,58,19339,Marvin,Hurst,marvin.hurst@msn.com,Canada
186,2024-01-6,Bureau,45,19354,Hector,Cote,hector.cote@protonmail.com,Belgium
1,2024-01-7,Table,63,19391,Nelle,Wallace,nelle.wallace@gmail.com,Ireland
209,2024-01-24,Chaise,48,19589,Levi,Paul,levi.paul@protonmail.com,France
247,2024-01-9,Lampe,65,19609,Mufutau,Reed,mufutau.reed@protonmail.com,Singapore
433,2024-01-2,Table,51,19702,Warren,Nichols,warren.nichols@msn.com,United Kingdom
3,2024-01-18,Table,59,19724,Rhea,Dillard,rhea.dillard@gmail.com,Sweden
237,2024-01-9,Lampe,47,19753,Caesar,Mayo,caesar.mayo@protonmail.com,Ireland
218,2024-01-29,Bureau,41,19822,Wynter,Saunders,wynter.saunders@protonmail.com,New Zealand
84,2024-01-22,Table,64,19859,Shea,Haley,shea.haley@gmail.com,Spain
389,2024-01-8,Chaise,41,19887,Wang,Barber,wang.barber@msn.com,Canada
45,2024-01-22,Lit,54,19896,Nayda,Tillman,nayda.tillman@gmail.com,Germany
205,2024-01-15,Chaise,51,19929,Lucius,Brock,lucius.brock@protonmail.com,South Africa
117,2024-01-8,Lampe,59,19945,Christopher,Payne,christopher.payne@gmail.com,Mexico
453,2024-01-5,Chaise,45,19965,Basil,Marsh,basil.marsh@msn.com,Netherlands
34,2024-01-13,Lit,61,19991,Brandon,Franklin,brandon.franklin@yahoo.com,Sweden
